Lens ID,Title,Date Published,Publication Year,Publication Type,Source Title,ISSNs,Publisher,Source Country,Author/s,Abstract,Volume,Issue Number,Start Page,End Page,Fields of Study,Keywords,MeSH Terms,Chemicals,Funding,Source URLs,External URL,PMID,DOI,Microsoft Academic ID,PMCID,Citing Patents Count,References,Citing Works Count
012-440-722-263-107,Meta-learning for time series forecasting and forecast combination,2010-03-07,2010,journal article,Neurocomputing,09252312,Elsevier,Netherlands,Christiane Lemke; Bogdan Gabrys,"In research of time series forecasting, a lot of uncertainty is still related to the task of selecting an appropriate forecasting method for a problem. It is not only the individual algorithms that are available in great quantities; combination approaches have been equally popular in the last decades. Alone the question of whether to choose the most promising individual method or a combination is not straightforward to answer. Usually, expert knowledge is needed to make an informed decision, however, in many cases this is not feasible due to lack of resources like time, money and manpower. This work identifies an extensive feature set describing both the time series and the pool of individual forecasting methods. The applicability of different meta-learning approaches are investigated, first to gain knowledge on which model works best in which situation, later to improve forecasting performance. Results show the superiority of a ranking-based combination of methods over simple model selection approaches.",73,10,2006,2016,Machine learning; Consensus forecast; Probabilistic forecasting; Time series; Artificial intelligence; Technology forecasting; Demand forecasting; Ranking; Meta learning (computer science); Computer science; Model selection,,,,,https://dx.doi.org/10.1016/j.neucom.2009.09.020 https://dblp.uni-trier.de/db/journals/ijon/ijon73.html#LemkeG10 http://eprints.bournemouth.ac.uk/11186/ https://www.sciencedirect.com/science/article/pii/S0925231210001074 https://dl.acm.org/doi/10.1016/j.neucom.2009.09.020 https://doi.org/10.1016/j.neucom.2009.09.020 http://www.sciencedirect.com/science/article/pii/S0925231210001074 https://core.ac.uk/display/75174 http://dx.doi.org/10.1016/j.neucom.2009.09.020 https://core.ac.uk/download/75174.pdf,https://dx.doi.org/10.1016/j.neucom.2009.09.020,,,2079560958,,0,002-392-432-513-108; 003-041-919-644-11X; 007-716-466-199-655; 008-122-803-523-638; 009-539-936-500-990; 013-499-240-657-747; 017-375-820-627-668; 017-556-050-401-998; 018-122-162-014-114; 022-279-837-537-31X; 033-924-690-878-707; 034-377-320-403-84X; 039-450-841-742-759; 045-748-626-849-317; 049-956-325-213-931; 051-448-474-272-549; 054-974-695-987-520; 056-374-756-135-035; 056-766-146-089-505; 058-800-847-860-39X; 061-119-281-131-403; 062-717-687-028-533; 063-614-360-921-818; 065-149-064-921-84X; 068-000-019-184-08X; 069-349-375-579-502; 072-755-874-457-878; 078-719-029-107-205; 084-626-577-099-036; 091-315-325-846-395; 098-723-647-138-700; 103-650-437-653-83X; 114-085-940-328-081; 125-945-998-333-795; 126-550-652-294-389; 128-724-277-046-69X; 132-387-062-397-409; 141-616-123-563-38X; 143-532-928-397-862; 143-694-407-189-007; 144-884-607-134-565; 153-986-609-273-116; 154-463-861-700-160; 164-125-693-850-40X; 184-887-531-127-397; 193-863-368-230-406; 195-148-572-634-678,150
014-555-516-388-155,Evaluating ARIMA-Neural Network Hybrid Model Performance in Forecasting Stationary Timeseries,,2013,journal article,Advanced Materials Research,16628985,"Trans Tech Publications, Ltd.",,Seyed Navid Seyedi; Pouyan Rezvan; Saeed Akbarnatajbisheh; Syed Ahmad Helmi,"Demand prediction is one of most sophisticated steps in planning and investments. Although many studies are conducted to find the appropriate forecasting models, dynamic nature of forecasted parameters and their effecting factors are apparent evidences for continuous researches. ARIMA, Artificial Neural Network (ANN), and ARIMA-ANN hybrid model are well-known forecasting models. Many researchers concluded that the Hybrid model is the predominant forecasting model in comparison with ARIMA and ANN individual models. Most of these researches are based on non-stationary or seasonal timeseries, whereas in this article, hybrid models forecast ability by stationary time series is studied. Some following demand time steps from a paint manufacturing company are forecasted by all previously mentioned models and ARIMA-ANN hybrid model fails to present the best forecasts.",845,,510,515,Machine learning; Engineering; Time series; Artificial intelligence; Manufacturing; Autoregressive integrated moving average; Hybrid model; Artificial neural network,,,,,http://eprints.utm.my/id/eprint/52746/ https://www.scientific.net/AMR.845.510 https://core.ac.uk/download/42920138.pdf,http://dx.doi.org/10.4028/www.scientific.net/amr.845.510,,10.4028/www.scientific.net/amr.845.510,2091149996,,0,000-017-771-513-017; 006-680-004-896-36X; 017-556-050-401-998; 017-562-400-265-406; 022-776-428-191-01X; 024-681-428-102-719; 026-258-693-571-385; 027-209-964-084-251; 028-662-826-256-133; 029-929-689-879-241; 031-615-420-529-644; 035-560-180-137-501; 040-780-594-664-93X; 043-489-708-180-155; 061-816-157-284-043; 064-149-391-733-452; 065-255-323-195-715; 078-097-167-347-019; 083-435-877-787-81X; 087-419-338-927-698; 098-992-027-740-560; 102-559-602-513-803; 104-148-260-938-911; 118-049-089-636-124; 124-589-863-943-401; 126-706-446-588-456; 127-953-106-909-676; 131-814-766-924-331; 160-948-089-305-79X; 162-315-235-973-255,0
015-844-290-770-382,Operator-theoretic framework for forecasting nonlinear time series with kernel analog techniques,,2020,journal article,Physica D: Nonlinear Phenomena,01672789,Elsevier BV,Netherlands,Romeo Alexander; Dimitrios Giannakis,"Abstract Kernel analog forecasting (KAF), alternatively known as kernel principal component regression, is a kernel method used for nonparametric statistical forecasting of dynamically generated time series data. This paper synthesizes descriptions of kernel methods and Koopman operator theory in order to provide a single consistent account of KAF. The framework presented here illuminates the property of the KAF method that, under measure-preserving and ergodic dynamics, it consistently approximates the conditional expectation of observables that are acted upon by the Koopman operator of the dynamical system and are conditioned on the observed data at forecast initialization. More precisely, KAF yields optimal predictions, in the sense of minimal root mean square error with respect to the invariant measure, in the asymptotic limit of large data. The presented framework facilitates, moreover, the analysis of generalization error and quantification of uncertainty. Extensions of KAF to the construction of conditional variance and conditional probability functions, as well as to non-symmetric kernels, are also shown. Illustrations of various aspects of KAF are provided with applications to simple examples, namely a periodic flow on the circle and the chaotic Lorenz 63 system.",409,,132520,,Invariant measure; Kernel method; Dynamical system; Conditional expectation; Conditional variance; Applied mathematics; Mathematics; Conditional probability; Principal component regression; Kernel (statistics),,,,Office of Naval Research; National Science Foundation; Defense Advanced Research Projects Agency,https://www.sciencedirect.com/science/article/pii/S016727891930377X https://nyuscholars.nyu.edu/en/publications/operator-theoretic-framework-for-forecasting-nonlinear-time-serie https://arxiv.org/pdf/1906.00464.pdf http://export.arxiv.org/pdf/1906.00464 https://www.arxiv-vanity.com/papers/1906.00464/ https://ui.adsabs.harvard.edu/abs/2020PhyD..40932520A/abstract https://arxiv.org/pdf/1906.00464 http://arxiv.org/abs/1906.00464,http://dx.doi.org/10.1016/j.physd.2020.132520,,10.1016/j.physd.2020.132520,3016578580,,0,000-375-404-843-92X; 000-464-307-812-181; 001-659-314-964-382; 001-695-989-454-530; 003-299-137-294-950; 004-344-654-536-133; 007-587-060-150-773; 007-677-425-170-726; 010-496-128-525-258; 012-735-365-881-81X; 013-877-606-679-752; 014-823-161-719-522; 016-870-175-069-190; 019-749-339-655-677; 020-493-105-735-948; 021-109-532-252-024; 024-496-917-889-423; 024-841-865-422-34X; 026-221-687-948-036; 026-776-100-255-855; 028-758-878-774-57X; 029-125-226-451-392; 029-150-404-979-195; 029-894-960-929-844; 030-113-233-613-086; 030-243-285-682-126; 033-664-450-397-586; 035-794-700-305-276; 035-826-464-992-628; 036-653-008-423-88X; 037-001-026-219-316; 039-617-728-302-008; 041-363-547-134-839; 042-611-184-740-958; 042-937-100-652-863; 043-185-700-051-540; 043-274-098-276-441; 045-293-655-580-996; 046-205-360-381-870; 046-941-903-850-000; 046-965-840-838-907; 047-205-119-296-73X; 048-647-846-931-917; 049-425-198-346-72X; 049-644-497-790-708; 051-084-765-457-354; 051-222-064-462-639; 052-782-539-927-607; 054-174-909-719-498; 055-305-327-315-26X; 056-987-697-776-183; 057-450-791-017-489; 062-991-148-342-808; 063-840-748-180-070; 065-035-569-330-011; 065-542-889-653-780; 067-669-905-465-896; 067-803-909-136-189; 068-586-740-888-382; 068-839-560-998-528; 069-514-667-376-914; 071-093-381-134-732; 071-537-942-746-312; 072-491-495-986-757; 077-899-431-140-366; 078-480-555-452-445; 081-679-682-414-034; 082-239-374-931-15X; 083-545-691-829-900; 083-709-345-382-032; 084-620-080-588-013; 085-625-446-712-947; 087-680-343-588-79X; 087-904-298-938-93X; 088-955-041-046-297; 089-168-560-085-320; 091-210-000-031-517; 093-180-654-893-878; 095-538-359-732-007; 100-338-327-446-527; 101-039-286-337-741; 101-785-333-025-295; 104-434-903-400-988; 106-232-306-706-628; 108-543-720-424-563; 108-750-213-047-398; 109-241-938-371-882; 109-903-087-870-949; 110-801-154-485-601; 111-851-503-610-696; 114-178-383-274-617; 119-971-046-782-157; 121-720-632-608-341; 121-851-556-285-383; 127-832-709-360-909; 128-191-471-782-157; 134-542-597-874-304; 136-170-696-608-093; 139-709-068-142-347; 140-426-454-204-361; 142-600-681-656-871; 146-942-403-328-638; 146-950-731-019-041; 150-259-548-431-001; 150-379-918-445-969; 150-500-848-539-370; 154-150-660-547-553; 155-257-351-749-676; 157-597-902-110-531; 160-953-847-355-259; 161-279-100-103-816; 166-790-211-686-380; 176-618-912-176-314; 177-919-355-295-50X; 180-502-369-421-874; 191-270-003-918-236; 195-795-874-129-483,24
025-098-988-463-801,Complexity is costly: a meta‐analysis of parametric and non‐parametric methods for short‐term population forecasting,2014-02-25,2014,journal article,Oikos,00301299; 16000706,Wiley,United Kingdom,Eric J. Ward; E. Eli Holmes; James T. Thorson; Ben Collen,"Short-term forecasts based on time series of counts or survey data are widely used in population biology to provide advice concerning the management, harvest and conservation of natural populations. A common approach to produce these forecasts uses time-series models, of different types, fit to time series of counts. Similar time-series models are used in many other disciplines, however relative to the data available in these other disciplines, population data are often unusually short and noisy and models that perform well for data from other disciplines may not be appropriate for population data. In order to study the performance of time-series forecasting models for natural animal population data, we assembled 2379 time series of vertebrate population indices from actual surveys. Our data were comprised of three vastly different types: highly variable (marine fish productivity), strongly cyclic (adult salmon counts), and small variance but long-memory (bird and mammal counts). We tested the predictive performance of 49 different forecasting models grouped into three broad classes: autoregressive time-series models, non-linear regression-type models and non-parametric time-series models. Low-dimensional parametric autoregressive models gave the most accurate forecasts across a wide range of taxa; the most accurate model was one that simply treated the most recent observation as the forecast. More complex parametric and non-parametric models performed worse, except when applied to highly cyclic species. Across taxa, certain life history characteristics were correlated with lower forecast error; specifically, we found that better forecasts were correlated with attributes of slow growing species: large maximum age and size for fishes and high trophic level for birds. © 2014 Nordic Society Oikos.",123,6,652,661,Nonparametric statistics; Statistics; Parametric statistics; Autoregressive model; Population biology; Variable (computer science); Ecology; Survey data collection; Range (statistics); Population; Biology,,,,,https://discovery.ucl.ac.uk/id/eprint/1431801 https://core.ac.uk/display/20483708 https://onlinelibrary.wiley.com/doi/abs/10.1111/j.1600-0706.2014.00916.x https://core.ac.uk/download/pdf/20483708.pdf,http://dx.doi.org/10.1111/j.1600-0706.2014.00916.x,,10.1111/j.1600-0706.2014.00916.x,2083680853,,0,000-896-421-296-028; 001-815-086-488-477; 004-950-738-744-335; 010-025-479-423-236; 010-887-265-085-330; 011-026-109-972-933; 014-222-903-492-993; 018-161-996-872-731; 020-313-304-722-946; 022-977-667-952-489; 024-110-971-387-18X; 024-164-032-694-177; 024-694-287-345-030; 026-988-319-738-194; 030-243-285-682-126; 030-615-231-643-353; 033-873-411-590-800; 033-924-690-878-707; 034-229-246-227-82X; 035-313-557-861-746; 039-272-769-045-385; 040-311-479-074-780; 045-681-001-159-486; 047-435-988-396-912; 054-046-532-179-789; 054-276-596-467-214; 055-654-316-519-190; 060-005-357-021-162; 060-950-376-601-038; 062-270-038-627-458; 062-481-055-910-300; 074-097-069-861-596; 074-538-172-415-931; 075-121-431-990-432; 078-049-096-043-555; 080-245-103-101-902; 080-674-153-593-672; 082-171-758-464-96X; 091-734-488-388-268; 092-489-348-029-271; 093-347-486-549-462; 096-222-614-437-722; 107-404-235-601-224; 117-209-045-107-515; 138-086-980-380-752; 158-551-951-339-01X; 188-501-029-778-11X,70
038-056-555-608-24X,"Comparison between VAR, GSTAR, FFNN-VAR and FFNN-GSTAR Models for Forecasting Oil Production",2018-05-28,2018,journal article,MATEMATIKA,01279602; 01278274,Penerbit UTM Press,,Suhartono Suhartono; Dedy Dwi Prastyo; Heri Kuswanto; Muhammad Hisyam Lee,"Monthly data about oil production at several drilling wells is an example of spatio-temporal data. The aim of this research is to propose nonlinear spatio-temporal model, i.e. Feedforward Neural Network - Vector Autoregressive (FFNN-VAR) and FFNN - Generalized Space-Time Autoregressive (FFNN-GSTAR), and compare their forecast accuracy to linear spatio-temporal model, i.e. VAR and GSTAR. These spatio-temporal models are proposed and applied for forecasting monthly oil production data at three drilling wells in East Java, Indonesia. There are 60 observations that be divided to two parts, i.e. the first 50 observations for training data and the last 10 observations for testing data. The results show that FFNN-GSTAR(1 1 ) and FFNN-VAR(1) as nonlinear spatio-temporal models tend to give more accurate forecast than VAR(1) and GSTAR(1 1 ) as linear spatio-temporal models. Moreover, further research about nonlinear spatio-temporal models based on neural networks and GSTAR is needed for developing new hybrid models that could improve the forecast accuracy.",34,1,103,111,Data mining; Nonlinear system; Autoregressive model; Test data; Oil production; Mathematics; Feedforward neural network; Artificial neural network; Training set; Java,,,,,https://matematika.utm.my/index.php/matematika/article/download/1040/749 https://matematika.utm.my/index.php/matematika/article/view/1040 https://core.ac.uk/download/287744082.pdf,http://dx.doi.org/10.11113/matematika.v34.n1.1040,,10.11113/matematika.v34.n1.1040,2809712543,,0,,9
040-230-484-451-638,Bootstrap Joint Prediction Regions,2014-10-14,2014,journal article,Journal of Time Series Analysis,01439782,Wiley,United States,Michael Wolf; Dan Wunderli,"Many statistical applications require the forecast of a random variable of interest over several periods into the future. The sequence of individual forecasts, one period at a time, is called a path forecast, where the term path refers to the sequence of individual future realizations of the random variable. The problem of constructing a corresponding joint prediction region has been rather neglected in the literature so far: such a region is supposed to contain the entire future path with a prespecified probability. We develop bootstrap methods to construct joint prediction regions. The resulting regions are proven to be asymptotically consistent under a mild high-level assumption. We compare the finitesample performance of our joint prediction regions to some previous proposals via Monte Carlo simulations. An empirical application to a real data set is also provided.",36,3,352,376,Algorithm; Random variable; Econometrics; Monte Carlo method; Joint (geology); Construct (python library); Mathematics; Sequence; Data set; Term (time); Path (graph theory),,,,,https://www.ifs.org.uk/conferences/cemmap_seminars/paper_wolf.pdf http://www.econ.uzh.ch/static/wp/econwp064.pdf http://www.2013.isiproceedings.org/Files/CPS022-P2-S.pdf https://www.2013.isiproceedings.org/Files/CPS022-P2-S.pdf http://www.statistics.gov.hk/wsc/CPS022-P2-S.pdf https://www.zora.uzh.ch/id/eprint/113354/1/Bootstrap%20joint.pdf https://www.econstor.eu/handle/10419/77512 http://www.cireqmontreal.com/wp-content/uploads/2012/03/11-12wolf.pdf https://www.cireqmontreal.com/wp-content/uploads/2012/03/11-12wolf.pdf https://www.econ.uzh.ch/dam/jcr:ffffffff-935a-b0d6-0000-00004279c92d/jtsa_2015.pdf https://www.econstor.eu/bitstream/10419/77512/1/747564566.pdf https://www.statistics.gov.hk/wsc/CPS022-P2-S.pdf https://www.onlinelibrary.wiley.com/doi/abs/10.1111/jtsa.12099 https://www.zora.uzh.ch/id/eprint/60385/ http://www.zora.uzh.ch/113354/1/Bootstrap%20joint.pdf,http://dx.doi.org/10.1111/jtsa.12099,,10.1111/jtsa.12099,2109147769,,0,000-583-489-322-491; 001-569-002-400-722; 004-967-060-741-560; 005-725-324-076-643; 014-474-748-525-644; 019-506-071-671-679; 020-646-198-007-142; 020-814-616-738-862; 031-393-270-914-06X; 035-964-578-028-779; 038-159-354-692-483; 046-912-879-762-939; 048-955-485-396-051; 049-255-908-089-758; 050-841-298-427-779; 051-810-906-227-91X; 056-041-050-320-014; 061-681-893-238-736; 062-524-039-993-641; 065-740-706-087-083; 069-289-254-402-135; 073-795-093-383-979; 077-889-091-775-752; 081-210-210-849-47X; 081-215-753-230-641; 082-625-385-371-448; 085-628-314-185-237; 088-713-708-675-058; 091-009-521-500-708; 095-556-889-706-067; 095-611-067-221-203; 103-598-319-507-537; 103-977-488-241-338; 105-516-829-333-03X; 115-083-421-864-429; 123-107-181-496-439; 123-500-039-400-396; 131-145-496-432-816; 135-688-782-593-211; 141-180-556-614-037; 143-642-118-449-453; 157-028-844-537-675; 166-843-355-202-804; 186-623-662-393-509; 188-501-029-778-11X,46
041-247-212-221-860,Forecasting GDP Growth Rates of Bangladesh: An Empirical Study,,2019,journal article,Journal of Economics and Sustainable Development,,"International Institute for Science, Technology and Education",,,"The Gross Domestic Product (GDP) is the market value of all goods and services produced within the boundary of a nation in a year. This paper aims to apply time series tools and forecast GDP growth in the Bangladesh economy. Forecasting of time series is an important topic in macroeconomics. We collected the data from World Development Indicators (WDI) and it has been collected over a period of 37 years by WDI, World Bank. Augmented Dickey–Fuller (ADF) and Phillips–Perron (PP) tests were applied to investigate the stationary character of the data. Stata and R statistical software was used to build a class of Autoregressive Integrated Moving Average (ARIMA) and exponential smoothing methods to model the GDP growth. We applied several ARIMA (P, I, Q) models and employed the ARIMA (1,1,1) model as best for forecasting. This ARIMA (1,1,1) model was chosen based on the minimum values of the Akaike information criterion (AIC) and the Bayesian information criterion (BIC). Also, we applied the Exponential Smoothing to forecast the GDP growth rate. In addition, among the Exponential Smoothing models, the triple exponential model better analyzed the data based on lowest Sum of Square Error (SSE) and Root Mean Square Error (RMSE). Using these models, the values of future GDP growth rates are forecasted. Statistical results show that Bangladesh’s GDP growth rate is an increasing trend that will continue rising in the future. This finding will help policymakers and academicians to formulate economic and business strategies more precisely. Keywords: Stationary time series, ARIMA, Time Series Forecasting, Exponential Smoothing, GDP growth rate, GDP growth in Bangladesh DOI: 10.7176/JESD/10-23-02 Publication date: December 31st 201",,,,,,,,,,https://core.ac.uk/download/pdf/276531422.pdf,http://dx.doi.org/10.7176/jesd/10-23-02,,10.7176/jesd/10-23-02,,,0,,1
064-408-500-291-803,Forecasting global stock market implied volatility indices,,2018,journal article,Journal of Empirical Finance,09275398,Elsevier BV,Netherlands,Stavros Degiannakis; George Filis; Hossein Hassani,"Abstract This study compares parametric and non-parametric techniques in terms of their forecasting power on implied volatility indices. We extend our comparisons using combined and model-averaging models. The forecasting models are applied on eight implied volatility indices of the most important stock market indices. We provide evidence that the non-parametric models of Singular Spectrum Analysis combined with Holt-Winters (SSA-HW) exhibit statistically superior predictive ability for the one and ten trading days ahead forecasting horizon. By contrast, the model-averaged forecasts based on both parametric (Autoregressive Integrated model) and non-parametric models (SSA-HW) are able to provide improved forecasts, particularly for the ten trading days ahead forecasting horizon. For robustness purposes, we build two trading strategies based on the aforementioned forecasts, which further confirm that the SSA-HW and the ARI-SSA-HW are able to generate significantly higher net daily returns in the out-of-sample period.",46,,111,129,Parametric statistics; Autoregressive fractionally integrated moving average; Trading strategy; Exponential smoothing; Econometrics; Implied volatility; Robustness (economics); Stock market; Mathematics; Stock market index,,,,,https://mpra.ub.uni-muenchen.de/96452/ http://eprints.bournemouth.ac.uk/30159/ https://www.sciencedirect.com/science/article/pii/S0927539817301263 https://ideas.repec.org/a/eee/empfin/v46y2018icp111-129.html https://econpapers.repec.org/RePEc:eee:empfin:v:46:y:2018:i:c:p:111-129 https://core.ac.uk/display/145642264 https://core.ac.uk/download/145642264.pdf,http://dx.doi.org/10.1016/j.jempfin.2017.12.008,,10.1016/j.jempfin.2017.12.008,2782468064,,0,000-872-051-670-628; 000-911-688-060-543; 002-120-814-109-03X; 002-381-917-805-498; 003-783-952-629-328; 005-566-466-793-36X; 005-959-186-362-925; 006-388-588-444-288; 007-425-749-605-692; 007-512-146-614-819; 008-954-485-848-868; 010-141-414-944-127; 011-330-055-307-351; 012-088-015-702-668; 013-403-839-191-569; 015-655-161-997-115; 019-479-903-647-583; 020-409-530-077-240; 022-768-743-807-953; 023-168-139-094-923; 024-850-276-910-016; 025-581-136-073-512; 026-331-317-043-288; 027-759-175-947-655; 028-920-827-070-508; 030-216-800-262-908; 033-163-173-312-613; 035-739-198-889-015; 036-463-789-901-057; 039-998-093-644-355; 042-642-567-370-132; 043-228-473-242-589; 045-930-609-986-652; 050-048-817-360-809; 050-195-416-759-296; 054-624-829-792-965; 056-577-038-393-531; 057-121-936-892-181; 057-257-032-590-984; 058-807-680-302-389; 059-002-153-472-114; 066-631-494-269-38X; 068-027-415-087-273; 068-194-890-351-377; 070-089-290-977-314; 070-596-992-400-006; 076-406-892-479-798; 079-925-238-742-452; 083-598-252-945-984; 084-117-197-093-227; 086-696-431-191-792; 088-228-570-277-436; 088-936-193-661-199; 090-856-588-588-549; 092-191-363-064-807; 093-880-422-381-387; 105-619-952-616-256; 106-055-773-412-560; 108-262-528-098-349; 109-952-059-431-624; 116-457-074-315-387; 116-502-464-290-55X; 126-053-063-780-365; 130-571-397-393-319; 133-217-771-836-536; 133-663-738-533-365; 135-949-515-991-867; 143-229-770-694-047; 145-060-534-376-09X; 145-439-025-483-379; 154-379-172-971-182; 156-168-437-350-852; 158-631-606-286-957; 169-190-486-694-03X; 171-300-256-197-261; 174-986-873-615-797,21
068-971-094-791-033,Forecasting methods in energy planning models,,2018,journal article,Renewable and Sustainable Energy Reviews,13640321,Elsevier BV,Netherlands,Kumar Biswajit Debnath; Monjur Mourshed,"Energy planning models (EPMs) play an indispensable role in policy formulation and energy sector development. The forecasting of energy demand and supply is at the heart of an EPM. Different forecasting methods, from statistical to machine learning have been applied in the past. The selection of a forecasting method is mostly based on data availability and the objectives of the tool and planning exercise. We present a systematic and critical review of forecasting methods used in 483 EPMs. The methods were analyzed for forecasting accuracy; applicability for temporal and spatial predictions; and relevance to planning and policy objectives. Fifty different forecasting methods have been identified. Artificial neural network (ANN) is the most widely used method, which is applied in 40% of the reviewed EPMs. The other popular methods, in descending order, are: support vector machine (SVM), autoregressive integrated moving average (ARIMA), fuzzy logic (FL), linear regression (LR), genetic algorithm (GA), particle swarm optimization (PSO), grey prediction (GM) and autoregressive moving average (ARMA). In terms of accuracy, computational intelligence (CI) methods demonstrate better performance than that of the statistical ones, in particular for parameters with greater variability in the source data. However, hybrid methods yield better accuracy than that of the stand-alone ones. Statistical methods are useful for only short and medium range, while CI methods are preferable for all temporal forecasting ranges (short, medium and long). Based on objective, most EPMs focused on energy demand and load forecasting. In terms geographical coverage, the highest number of EPMs were developed on China. However, collectively, more models were established for the developed countries than the developing ones. Findings would benefit researchers and professionals in gaining an appreciation of the forecasting methods, and enable them to select appropriate method(s) to meet their needs.",88,,297,325,Machine learning; Support vector machine; Computational intelligence; Artificial intelligence; Autoregressive integrated moving average; Energy planning; Computer science; Artificial neural network; Fuzzy logic; Autoregressive–moving-average model; Particle swarm optimization,,,,,https://ideas.repec.org/a/eee/rensus/v88y2018icp297-325.html https://econpapers.repec.org/RePEc:eee:rensus:v:88:y:2018:i:c:p:297-325 https://www.sciencedirect.com/science/article/abs/pii/S1364032118300200 http://orca.cf.ac.uk/109350/ https://orca.cardiff.ac.uk/109350/ https://core.ac.uk/display/151176579 https://core.ac.uk/download/151176579.pdf,http://dx.doi.org/10.1016/j.rser.2018.02.002,,10.1016/j.rser.2018.02.002,2788001476,,0,000-033-539-485-330; 000-176-458-747-245; 000-361-433-093-171; 000-386-263-991-77X; 000-677-478-944-84X; 000-752-469-885-726; 000-809-407-070-243; 000-904-926-083-105; 001-184-735-241-143; 001-586-587-381-647; 001-709-459-564-091; 001-867-339-508-654; 002-036-430-807-873; 002-086-615-940-73X; 002-252-642-165-581; 002-429-991-544-644; 002-655-591-627-868; 002-660-487-961-010; 002-968-043-266-210; 003-052-914-119-571; 003-102-374-442-759; 003-180-020-247-802; 003-363-131-057-296; 003-715-937-207-149; 003-815-673-598-008; 003-970-453-389-554; 004-131-028-074-833; 004-505-808-709-688; 004-567-755-867-618; 004-577-329-525-606; 004-591-950-201-301; 004-861-730-868-136; 005-081-792-080-087; 005-120-069-531-562; 005-587-159-737-504; 005-691-983-539-119; 005-769-988-416-780; 006-202-852-665-445; 006-962-860-858-353; 007-021-204-726-688; 007-273-905-148-236; 007-760-045-656-81X; 007-790-281-285-026; 008-259-961-667-829; 008-633-906-144-686; 008-879-843-162-894; 009-181-121-675-243; 009-531-683-897-021; 009-977-696-235-306; 010-039-621-818-368; 010-332-780-967-646; 010-376-071-333-223; 010-752-051-786-889; 010-808-195-039-313; 011-315-248-280-639; 011-349-084-224-803; 011-559-927-256-615; 011-674-046-436-011; 011-797-184-122-547; 011-826-984-195-007; 011-860-964-636-644; 011-885-545-571-461; 012-041-694-020-053; 012-140-279-857-124; 012-313-021-601-853; 012-551-406-907-62X; 012-844-624-615-173; 013-194-537-785-11X; 013-499-240-657-747; 013-934-899-811-355; 014-204-298-977-538; 014-297-666-384-206; 014-417-794-864-718; 014-427-135-076-469; 014-438-591-529-904; 014-476-607-723-777; 014-652-350-393-003; 014-907-332-074-289; 015-041-991-895-461; 015-452-983-761-611; 016-050-521-402-395; 016-127-555-878-511; 016-873-757-213-889; 017-109-341-957-537; 017-212-745-349-752; 017-391-303-166-760; 017-678-138-083-862; 018-005-377-010-476; 018-867-358-267-777; 019-916-656-772-637; 020-123-211-590-254; 020-356-034-803-737; 020-642-756-891-916; 020-964-998-572-127; 021-328-055-188-284; 021-550-984-676-909; 021-610-405-689-468; 022-171-713-758-503; 022-178-006-843-137; 022-535-649-306-370; 022-666-785-585-327; 022-947-316-247-289; 022-979-115-391-272; 023-235-995-651-750; 023-308-837-708-154; 023-430-585-938-234; 023-845-848-132-190; 023-934-452-150-389; 024-085-078-934-847; 024-093-145-637-499; 024-441-686-411-597; 024-445-975-866-721; 024-913-449-645-325; 025-112-691-592-539; 025-885-087-903-358; 025-942-317-779-275; 026-198-943-587-688; 026-558-461-161-189; 026-774-001-305-029; 026-841-801-588-546; 027-073-586-058-901; 027-587-094-030-978; 027-718-961-833-03X; 027-965-229-810-193; 028-162-230-951-628; 028-732-216-598-313; 028-970-730-115-971; 028-995-974-827-052; 029-007-822-433-994; 029-237-356-511-265; 029-332-353-163-475; 029-440-618-038-484; 030-123-479-163-176; 030-240-390-410-049; 030-815-271-666-919; 030-999-368-122-896; 031-151-391-858-04X; 031-613-622-558-858; 031-615-420-529-644; 031-727-758-611-115; 031-920-864-050-336; 032-333-029-828-992; 032-788-090-378-768; 033-156-199-510-76X; 033-232-408-429-792; 033-268-566-540-87X; 033-341-839-863-34X; 033-550-689-545-207; 033-816-999-350-072; 033-934-682-249-90X; 034-089-187-624-945; 034-192-161-384-467; 034-497-370-888-263; 034-604-067-165-346; 034-634-108-136-179; 035-013-396-378-811; 035-070-849-269-628; 035-100-564-672-995; 035-408-733-628-997; 035-520-126-288-783; 035-660-263-902-406; 035-780-487-951-158; 035-849-486-161-384; 036-105-874-082-48X; 036-360-421-402-397; 036-659-049-175-875; 036-676-012-839-302; 036-724-926-233-239; 036-767-471-660-567; 036-832-616-882-848; 036-851-301-498-642; 036-886-259-468-473; 038-055-077-148-423; 038-264-501-999-544; 038-956-504-970-20X; 039-201-467-994-173; 039-503-477-803-434; 040-017-414-810-276; 040-258-700-864-408; 040-593-242-479-606; 040-796-468-835-482; 040-816-369-690-201; 041-368-816-545-779; 041-377-871-427-497; 041-703-707-479-798; 041-792-781-802-95X; 041-916-612-871-315; 042-896-329-565-655; 043-320-607-708-981; 043-621-689-736-60X; 043-901-606-274-187; 043-943-676-541-645; 044-010-128-661-197; 044-104-543-066-86X; 044-667-007-842-270; 044-781-292-289-855; 045-075-342-954-330; 045-111-740-950-20X; 045-391-134-472-42X; 045-473-757-002-298; 046-172-286-209-176; 046-252-703-192-222; 046-259-895-711-323; 046-316-920-576-257; 046-553-799-545-625; 046-635-022-148-697; 046-718-582-544-691; 047-030-282-649-716; 047-113-874-107-973; 047-491-657-923-489; 048-050-657-504-754; 048-077-568-117-648; 048-232-163-587-673; 048-288-138-115-941; 048-478-511-031-197; 048-766-184-950-562; 048-899-578-205-804; 049-179-874-080-824; 049-227-301-189-99X; 049-301-051-405-33X; 049-642-261-804-887; 050-297-036-051-090; 050-726-226-652-279; 050-930-795-542-748; 051-104-793-689-553; 051-271-796-340-259; 051-377-441-131-357; 052-005-171-089-927; 052-022-903-609-831; 052-163-921-738-337; 052-275-446-490-497; 053-067-922-124-077; 053-160-816-430-94X; 053-385-028-729-710; 053-887-012-583-761; 054-139-030-915-160; 054-181-956-413-489; 054-232-285-969-175; 055-319-462-155-374; 055-754-353-302-175; 056-026-980-498-382; 056-670-020-897-703; 056-973-124-833-534; 056-978-413-518-437; 057-010-281-031-222; 057-232-289-620-500; 057-945-673-451-30X; 058-186-718-833-494; 058-240-843-920-794; 058-318-904-845-861; 058-872-902-633-433; 059-073-561-727-807; 059-288-997-271-44X; 059-413-284-743-320; 059-426-158-789-371; 059-467-288-868-562; 059-925-068-640-377; 059-996-960-278-602; 060-103-544-115-016; 060-448-896-250-610; 060-780-046-445-977; 061-161-275-601-455; 061-163-555-418-347; 061-487-350-683-965; 062-305-399-499-372; 062-337-661-329-579; 062-978-720-488-167; 063-251-836-378-495; 063-328-046-549-264; 063-556-922-779-938; 063-805-285-122-099; 063-887-893-715-762; 063-945-568-082-183; 063-974-497-939-268; 064-264-276-544-115; 064-458-449-287-088; 064-566-244-168-702; 064-663-686-941-12X; 064-738-673-286-123; 064-762-483-228-301; 066-768-321-982-133; 066-884-113-779-526; 067-020-611-772-026; 067-105-042-021-611; 067-384-953-622-834; 067-748-267-438-265; 068-287-325-362-471; 068-648-942-759-010; 068-730-896-902-594; 068-900-309-732-885; 069-264-136-130-254; 069-422-399-816-427; 069-608-274-471-512; 070-107-422-690-443; 070-133-511-047-061; 070-452-251-182-07X; 070-560-365-420-206; 071-183-101-615-769; 071-337-365-298-17X; 072-005-157-329-15X; 072-204-706-960-190; 072-854-333-356-939; 073-105-734-916-253; 073-581-529-647-354; 073-873-626-451-315; 073-960-792-923-539; 074-521-226-463-875; 075-072-449-680-901; 075-558-509-852-905; 075-709-967-017-507; 076-119-761-592-983; 076-548-394-946-633; 077-664-816-227-028; 077-984-081-836-174; 078-028-120-720-243; 078-097-167-347-019; 078-220-788-882-373; 078-614-573-747-774; 078-635-197-534-451; 079-089-419-039-925; 079-213-956-445-30X; 079-275-903-102-630; 079-423-240-310-528; 079-465-639-445-470; 079-935-999-061-781; 080-216-592-370-050; 080-484-278-458-952; 081-042-314-581-180; 081-103-150-161-249; 082-752-661-061-051; 082-905-386-351-031; 083-175-120-763-252; 084-246-495-260-442; 084-292-690-248-729; 084-295-689-682-476; 084-588-930-630-031; 085-794-249-405-902; 085-820-951-138-88X; 085-835-260-441-873; 085-896-509-565-089; 085-919-987-925-148; 085-947-565-715-27X; 086-203-469-655-988; 086-249-140-398-211; 086-301-172-088-037; 086-871-180-790-285; 086-998-894-720-535; 087-246-886-556-354; 087-634-757-570-509; 087-826-153-121-696; 087-843-287-268-110; 088-418-986-069-531; 089-375-260-652-444; 090-019-720-570-576; 090-187-544-593-738; 090-769-698-106-859; 091-403-898-940-59X; 091-653-879-964-547; 091-690-370-409-711; 091-917-591-334-163; 091-926-739-503-125; 092-170-893-949-394; 092-652-935-776-869; 092-763-671-872-567; 092-874-277-763-583; 093-048-904-188-402; 093-285-501-817-584; 093-561-264-991-279; 093-568-789-937-20X; 093-649-688-368-671; 094-468-018-381-942; 094-516-168-062-529; 095-007-694-795-643; 095-133-573-961-956; 095-328-688-963-628; 095-465-827-609-890; 095-836-852-220-115; 095-937-503-421-659; 096-598-898-167-191; 096-716-616-192-861; 097-187-495-421-802; 097-530-020-460-74X; 099-153-949-698-601; 099-284-255-175-785; 099-932-527-752-826; 100-045-096-320-046; 100-306-487-414-819; 100-320-408-002-850; 101-898-945-381-46X; 102-385-851-973-504; 102-605-669-731-391; 102-810-145-657-98X; 103-010-622-510-325; 103-133-721-682-966; 104-195-827-111-408; 104-418-571-640-888; 104-439-509-574-237; 105-106-399-152-332; 105-141-775-025-972; 105-359-510-248-953; 105-385-886-026-805; 105-539-533-439-590; 105-991-009-913-293; 106-112-643-210-31X; 106-119-025-618-010; 106-774-044-386-72X; 106-802-665-292-764; 107-109-155-347-797; 108-114-670-528-552; 108-326-739-814-069; 108-435-733-486-95X; 108-452-795-472-160; 108-670-527-560-872; 109-195-960-764-493; 109-775-876-888-988; 109-925-567-897-996; 110-170-307-421-935; 110-829-749-567-619; 112-174-747-579-454; 113-122-751-026-58X; 113-288-262-625-442; 114-095-552-803-783; 114-261-548-200-067; 114-567-545-056-604; 114-630-049-464-026; 115-282-727-284-525; 115-329-292-311-082; 116-018-162-319-076; 116-481-620-183-941; 116-596-122-179-368; 116-642-778-689-613; 116-940-777-849-027; 117-399-844-213-883; 117-715-903-486-737; 117-821-177-708-794; 118-386-137-801-794; 118-564-908-867-169; 119-124-168-298-235; 119-600-005-220-075; 119-733-717-432-534; 119-741-599-207-79X; 120-274-252-031-671; 120-328-919-982-231; 120-756-040-037-707; 120-790-792-514-739; 120-802-377-590-852; 121-202-981-861-484; 121-689-600-158-769; 121-802-500-883-586; 121-943-929-853-696; 122-128-287-487-932; 122-193-813-375-019; 122-392-316-667-776; 122-418-810-607-077; 122-950-036-224-763; 123-071-170-286-418; 123-642-570-630-261; 124-689-172-813-630; 124-931-544-671-673; 124-993-260-807-341; 125-377-030-363-260; 125-467-525-408-546; 126-362-426-852-84X; 126-456-247-125-142; 126-849-223-750-784; 126-923-948-085-702; 127-435-671-701-253; 127-886-866-668-409; 128-636-878-119-938; 129-134-628-851-970; 129-356-809-807-622; 129-991-870-011-60X; 130-405-264-920-142; 131-383-185-711-854; 132-599-698-418-804; 133-094-190-437-214; 133-440-414-341-449; 134-162-202-074-464; 135-281-415-645-580; 136-026-544-664-284; 136-090-191-150-531; 136-299-489-423-392; 136-588-782-603-385; 137-052-125-186-754; 137-176-000-606-553; 138-158-125-915-912; 138-572-779-511-988; 138-951-854-885-710; 140-128-227-694-991; 140-265-148-483-353; 142-204-482-673-383; 143-133-533-344-004; 144-915-127-423-017; 144-979-885-559-08X; 145-200-295-789-568; 147-419-078-986-767; 148-248-932-417-647; 149-608-428-762-372; 151-167-511-878-692; 153-126-931-663-948; 154-392-592-894-132; 154-497-232-204-012; 155-718-251-555-128; 155-764-729-436-265; 157-037-669-754-983; 157-633-386-984-931; 158-412-334-223-011; 160-668-680-405-88X; 162-093-069-808-797; 162-485-280-282-48X; 162-511-026-112-764; 165-129-002-417-59X; 167-335-362-935-171; 168-993-116-710-63X; 169-006-520-325-586; 170-591-463-959-181; 173-500-851-752-142; 173-525-931-081-925; 175-263-392-173-112; 175-355-109-383-260; 175-566-110-271-178; 175-752-075-068-463; 175-902-599-569-008; 176-016-785-652-075; 178-007-846-375-381; 180-998-247-851-501; 182-336-318-986-017; 188-279-572-624-847; 188-426-573-670-447; 195-987-500-097-663,142
080-709-759-763-688,A Review of Electricity Demand Forecasting in Low and Middle Income Countries: The Demand Determinants and Horizons,2020-07-23,2020,journal article,Sustainability,20711050,MDPI AG,Switzerland,Aneeque A. Mir; Mohammed Alghassab; Kafait Ullah; Zafar A. Khan; Yuehong Lu; Muhammad Imran,"With the globally increasing electricity demand, its related uncertainties are on the rise as well. Therefore, a deeper insight of load forecasting techniques for projecting future electricity demands becomes imperative for business entities and policy makers. The electricity demand is governed by a set of different variables or “electricity demand determinants”. These demand determinants depend on forecasting horizons (long term, medium term, and short term), the load aggregation level, climate, and socio-economic activities. In this paper, a review of different electricity demand forecasting methodologies is provided in the context of a group of low and middle income countries. The article presents a comprehensive literature review by tabulating the different demand determinants used in different countries and forecasting the trends and techniques used in these countries. A comparative review of these forecasting methodologies over different time horizons reveals that the time series modeling approach has been extensively used while forecasting for long and medium terms. For short term forecasts, artificial intelligence-based techniques remain prevalent in the literature. Furthermore, a comparative analysis of the demand determinants in these countries indicates a frequent use of determinants like the population, GDP, weather, and load data over different time horizons. Following the analysis, potential research gaps are identified, and recommendations are provided, accordingly.",12,15,5931,,Economics; Natural resource economics; Electricity; Context (language use); Population; Load forecasting; Electricity demand forecasting; Medium term; Low and middle income countries; Term (time),,,,,https://ideas.repec.org/a/gam/jsusta/v12y2020i15p5931-d388506.html https://www.mdpi.com/2071-1050/12/15/5931 https://research.aston.ac.uk/en/publications/a-review-of-electricity-demand-forecasting-in-low-and-middle-inco https://www.mdpi.com/2071-1050/12/15/5931/pdf https://core.ac.uk/download/327947411.pdf,http://dx.doi.org/10.3390/su12155931,,10.3390/su12155931,3045355714,,0,000-067-030-520-266; 000-090-468-143-763; 000-889-698-242-30X; 001-719-945-754-64X; 003-815-673-598-008; 004-094-742-996-130; 004-551-055-217-79X; 005-576-989-390-323; 005-691-983-539-119; 010-326-525-821-745; 011-499-557-355-568; 011-586-850-575-792; 012-150-616-222-752; 012-802-964-330-355; 014-632-811-043-172; 016-098-810-090-183; 016-413-307-247-638; 018-853-505-627-596; 018-954-008-442-550; 019-337-177-895-828; 020-642-756-891-916; 021-684-290-543-857; 023-430-585-938-234; 026-030-904-860-304; 026-230-904-130-025; 026-397-736-724-08X; 030-545-524-850-611; 033-231-201-913-89X; 034-641-543-391-719; 035-123-205-564-409; 035-284-957-419-009; 036-360-421-402-397; 038-055-077-148-423; 040-044-127-152-884; 041-852-518-443-517; 043-196-031-802-653; 043-943-676-541-645; 044-071-860-122-61X; 044-134-305-557-564; 044-675-801-850-93X; 045-203-890-063-014; 048-008-571-589-479; 048-705-981-150-403; 049-453-794-292-068; 050-430-667-876-902; 053-473-764-606-751; 054-885-158-564-149; 058-541-407-266-748; 058-717-777-510-484; 060-780-046-445-977; 064-149-391-733-452; 064-203-897-851-821; 064-756-927-617-690; 066-600-661-884-784; 067-546-508-188-16X; 068-720-734-147-531; 068-831-821-709-08X; 070-197-504-866-088; 071-872-874-045-562; 072-035-676-812-482; 072-258-642-622-611; 073-768-459-310-173; 076-842-520-808-926; 077-026-002-584-142; 077-222-423-454-387; 077-684-877-172-76X; 079-595-896-519-587; 081-016-313-835-602; 081-029-309-218-751; 082-580-420-824-216; 083-717-943-225-838; 085-835-260-441-873; 087-634-757-570-509; 091-000-480-549-36X; 091-453-240-254-847; 091-609-474-711-308; 091-965-524-607-99X; 092-118-612-663-296; 092-170-893-949-394; 094-172-651-367-06X; 094-468-018-381-942; 097-551-310-026-100; 097-658-411-463-166; 097-696-017-310-177; 099-283-794-953-086; 100-041-814-292-142; 101-044-147-842-154; 101-898-945-381-46X; 105-539-533-439-590; 115-439-495-139-021; 119-600-005-220-075; 122-392-316-667-776; 122-523-233-229-209; 122-980-629-179-512; 133-687-817-274-994; 136-976-817-278-338; 142-478-084-137-006; 142-632-552-639-772; 143-632-931-256-057; 146-522-146-511-958; 151-167-511-878-692; 155-977-842-280-150; 167-208-191-524-594; 169-897-052-909-59X; 173-826-799-329-995; 195-564-462-190-116,19
082-797-515-404-65X,Statistical and RBF NN models : providing forecasts and risk assessment,2009-12-31,2009,journal article,Ekonomická revue - Central European Review of Economic Issues,12123951,VSB - Technical University of Ostrava,,Milan Marček,"Forecast accuracy of economic and financial processes is a popular measure for quantifying the risk in decision making. In this paper, we develop forecasting models based on statistical (stochastic) methods, sometimes called hard computing, and on a soft method using granular computing. We consider the accuracy of forecasting models as a measure for risk evaluation. It is found that the risk estimation process based on soft methods is simplified and less critical to the question whether the data is true crisp or white noise.",12,4,175,182,White noise; Machine learning; Risk assessment; Data mining; Engineering; Artificial intelligence; Granular computing; Measure (data warehouse); Risk evaluation; Process (engineering); Estimation,,,,,https://www.ekf.vsb.cz/export/sites/ekf/cerei/cs/Papers/VOL12NUM04PAP02.pdf https://dspace.vsb.cz/handle/10084/90102 https://core.ac.uk/display/8992701 https://core.ac.uk/download/8992701.pdf,http://dx.doi.org/10.7327/cerei.2009.12.02,,10.7327/cerei.2009.12.02,2050680307,,0,033-166-641-839-023; 033-827-711-051-297; 034-038-298-223-087; 073-489-402-837-052; 074-589-531-045-363; 093-399-128-337-51X; 116-375-838-506-150; 138-331-652-128-642; 139-556-590-671-730; 146-241-596-382-275; 176-435-553-082-962; 198-670-711-604-446,2
098-716-861-673-282,Nonlinear Structure based Artificial Neural Computing for Upstream Flow Functional Models,2019-05-31,2019,journal article,European Scientific Journal ESJ,18577881; 18577431,"European Scientific Institute, ESI",,Tanveer Ahmed Siddiqi; Syed Inayatullah; Syed Ahmad Hassan; Saba Naz; Syed Tanweer Iqbal; Muhammad Ahsanuddin,"Most of the real world systems are nonlinear and complex and it is challenging to model these types of systems for analyzing and forecasting the hidden behaviour of the systems. In the paradigm of vague complex systems, data-based time series modeling approaches of intelligent systems showed its applicability for coping with the problems of hidden noise and dynamicity which are encapsulated in the data. Getting from nature is one of the humans’ features and they are striving to produce the intellectual schemes by coping rare features of cognitions and intellect of the brain. In this paper, nonlinear autoregressive structure based modeling of the brain (i.e. Artificial Neural Network) is the aim of this study that suggest various Dynamic Neural Network (DNN) models by using time deferred autoregressive configurations, for the stream-flow of Sukkur barrage on lower Indus river basin. The suitability of the models for training, validation and testing stages, are evinced on assessment metrics which demonstrate the accuracy and sufficiency of the models which may be beneficial for water-resource management.",15,15,1,1,Machine learning; Artificial intelligence; Nonlinear system; Autoregressive model; Upstream (networking); Flow (mathematics); Computer science; Complex system; Artificial neural network; Intelligent decision support system; Noise (video),,,,,http://eujournal.org/index.php/esj/article/view/12062/11496 https://www.academia.edu/62891010/Nonlinear_Structure_based_Artificial_Neural_Computing_for_Upstream_Flow_Functional_Models https://eujournal.org/index.php/esj/article/view/12062 https://core.ac.uk/download/328026613.pdf,http://dx.doi.org/10.19044/esj.2019.v15n15p1,,10.19044/esj.2019.v15n15p1,2949288550,,0,000-011-193-405-577; 003-401-460-494-504; 008-164-520-716-427; 022-648-915-777-29X; 027-634-827-765-488; 032-823-029-447-630; 049-171-023-610-632; 051-537-926-980-189; 058-088-345-535-443; 062-426-759-690-850; 066-776-803-708-145; 069-472-600-733-283; 071-002-667-413-255; 105-038-958-240-696; 120-284-824-819-296; 137-043-334-267-548; 148-025-696-719-986; 160-853-658-440-851,1
100-838-616-245-749,A comparison of linear forecasting models and neural networks: an application to Euro inflation and Euro Divisia,2005-04-10,2005,journal article,Applied Economics,00036846,Informa UK Limited,United Kingdom,Jane M. Binner; Rakesh K. Bissoondeeal; Thomas Elger; Alicia M. Gazely; Andy Mullineux,"Linear models reach their limitations in applications with nonlinearities in the data. In this paper new empirical evidence is provided on the relative Euro inflation forecasting performance of linear and non-linear models. The well established and widely used univariate ARIMA and multivariate VAR models are used as linear forecasting models whereas neural networks (NN) are used as non-linear forecasting models. It is endeavoured to keep the level of subjectivity in the NN building process to a minimum in an attempt to exploit the full potentials of the NN. It is also investigated whether the historically poor performance of the theoretically superior measure of the monetary services flow, Divisia, relative to the traditional Simple Sum measure could be attributed to a certain extent to the evaluation of these indices within a linear framework. Results obtained suggest that non-linear models provide better within-sample and out-of-sample forecasts and linear models are simply a subset of them. The Divisia index also outperforms the Simple Sum index when evaluated in a non-linear framework. © 2005 Taylor & Francis Group Ltd.",37,6,665,680,Econometrics; Multivariate statistics; Economics; Linear model; Univariate; Autoregressive integrated moving average; Index (economics); Divisia index; Artificial neural network; Inflation,,,,,https://core.ac.uk/display/78878270 https://ideas.repec.org/a/taf/applec/v37y2005i6p665-680.html https://portal.research.lu.se/en/publications/a-comparison-of-linear-forecasting-models-and-neural-networks-an- https://research.birmingham.ac.uk/portal/en/publications/a-comparison-of-linear-forecasting-models-and-neural-networks-an-application-to-euro-inflation-and-divisia(c1115770-2c1a-4e4b-a3ed-9d3ada981663).html http://irep.ntu.ac.uk/id/eprint/16353/ https://research.aston.ac.uk/en/publications/a-comparison-of-linear-forecasting-models-and-neural-networks-an- https://econpapers.repec.org/RePEc:taf:applec:v:37:y:2005:i:6:p:665-680 https://research.aston.ac.uk/portal/en/researchoutput/a-comparison-of-linear-forecasting-models-and-neural-networks(7fd430c2-fff4-4de5-969e-8f4e409fcb2b).html https://lup.lub.lu.se/search/publication/0f43e243-5e15-48f0-a353-f1d23bb81b40 https://www.tandfonline.com/doi/full/10.1080/0003684052000343679 https://core.ac.uk/download/78878270.pdf,http://dx.doi.org/10.1080/0003684052000343679,,10.1080/0003684052000343679,2106245083,,0,004-297-995-240-278; 004-757-582-508-605; 005-546-460-433-816; 005-771-756-065-363; 008-228-266-608-040; 011-265-003-213-38X; 011-654-107-280-228; 012-464-070-053-96X; 013-499-240-657-747; 015-881-504-336-403; 019-168-899-207-666; 020-258-505-706-687; 021-227-696-470-842; 021-269-753-667-373; 021-426-470-338-613; 024-816-377-554-920; 027-986-330-362-447; 029-781-914-688-700; 032-964-051-740-816; 033-574-694-169-249; 034-779-436-952-041; 035-789-388-751-581; 039-563-891-295-978; 040-569-546-141-292; 040-624-837-813-182; 042-072-202-577-85X; 045-531-802-345-429; 046-730-537-455-456; 050-453-082-114-381; 052-181-587-616-404; 055-202-735-589-989; 057-365-169-128-596; 057-944-537-402-701; 061-736-787-208-387; 064-649-735-465-254; 069-959-961-861-04X; 073-925-872-767-704; 075-240-638-873-980; 079-765-392-706-310; 086-518-158-146-330; 088-248-751-762-965; 097-396-077-734-938; 099-358-312-114-33X; 104-656-061-909-385; 105-124-151-064-67X; 108-574-523-342-640; 127-541-818-708-679; 136-742-382-757-505; 143-269-017-786-482; 143-891-151-761-032; 148-076-970-131-174; 153-580-186-459-743; 156-335-332-105-397; 161-724-216-008-944; 167-524-594-561-669; 173-098-248-428-038; 174-700-954-197-105; 190-910-933-234-507; 193-386-956-768-721,72
100-946-106-279-04X,Quantile forecast combination using stochastic dominance,2017-10-14,2017,journal article,Empirical economics,03777332; 14358921,Physica-Verlag,Germany,Mehmet Pinar; Thanasis Stengos; M. Ege Yazgan,"This paper derives optimal forecast combinations based on stochastic dominance efficiency (SDE) analysis with differential forecast weights for different quantiles of forecast error distribution. For the optimal forecast combination, SDE will minimize the cumulative density functions of the levels of loss at different quantiles of the forecast error distribution by combining different time-series model-based forecasts. Using two exchange rate series on weekly data for the Japanese yen/US dollar and US dollar/Great Britain pound, we find that the optimal forecast combinations with SDE weights perform better than different forecast selection and combination methods for the majority of the cases at different quantiles of the error distribution. However, there are also some very few cases where some other forecast selection and combination model performs equally well at some quantiles of the forecast error distribution. Different forecasting period and quadratic loss function are used to obtain optimal forecast combinations, and results are robust to these choices. The out-of-sample performance of the SDE forecast combinations is also better than that of the other forecast selection and combination models we considered.",55,4,1717,1755,Statistics; Quantile; Quadratic equation; Econometrics; Economics; Forecast verification; Forecast skill; Exchange rate; Stochastic dominance; Function (mathematics); Selection (genetic algorithm),Forecast combinations; Mixed integer programming; Nonparametric stochastic dominance,,,Edge Hill University,https://link.springer.com/article/10.1007/s00181-017-1343-1 https://link.springer.com/content/pdf/10.1007%2Fs00181-017-1343-1.pdf https://www.ncbi.nlm.nih.gov/pmc/articles/PMC6405180 https://ideas.repec.org/a/spr/empeco/v55y2018i4d10.1007_s00181-017-1343-1.html https://paperity.org/p/85053711/quantile-forecast-combination-using-stochastic-dominance https://pubmed.ncbi.nlm.nih.gov/30930528/ https://core.ac.uk/download/227103318.pdf,http://dx.doi.org/10.1007/s00181-017-1343-1,30930528,10.1007/s00181-017-1343-1,2762150821,PMC6405180,0,001-484-192-864-495; 001-504-609-631-896; 003-823-611-240-537; 006-809-905-512-620; 008-616-824-429-640; 009-401-288-356-895; 012-213-689-424-270; 015-611-111-325-05X; 015-842-670-564-784; 017-009-369-282-641; 019-594-802-762-615; 021-324-686-923-97X; 023-751-420-657-116; 023-786-265-557-026; 024-681-428-102-719; 025-226-215-730-449; 026-331-317-043-288; 026-955-126-335-89X; 027-129-235-668-839; 029-048-803-802-628; 031-076-822-630-278; 032-723-424-490-331; 039-652-705-493-212; 039-837-160-450-28X; 041-674-125-979-223; 047-132-383-818-934; 047-678-275-013-690; 047-783-794-966-981; 048-319-729-176-091; 050-893-926-522-158; 056-011-354-398-315; 056-757-038-732-01X; 059-746-792-038-172; 061-178-955-494-412; 062-905-158-023-209; 074-404-065-058-998; 075-033-211-265-036; 075-579-268-428-857; 079-567-811-381-171; 079-883-436-959-983; 080-245-103-101-902; 083-828-770-392-479; 084-626-577-099-036; 094-052-490-209-485; 094-418-752-625-889; 098-810-406-052-231; 099-610-046-395-176; 112-005-019-123-89X; 121-361-038-506-914; 121-791-352-206-485; 124-079-689-885-882; 125-380-789-079-350; 126-320-561-730-727; 126-394-186-517-36X; 129-808-291-753-053; 131-814-766-924-331; 132-457-412-655-801; 138-691-941-261-983; 141-824-342-602-453; 144-884-607-134-565; 145-227-049-108-86X; 150-585-540-904-55X; 154-513-950-290-602; 160-174-646-988-09X; 167-668-813-680-522; 195-618-519-387-640; 197-402-602-714-542; 199-311-047-292-852,3
111-503-835-042-268,The impact of special days in call arrivals forecasting: A neural network approach to modelling special days,,2018,journal article,European Journal of Operational Research,03772217,Elsevier BV,Netherlands,Devon K. Barrow; Nikolaos Kourentzes,"A key challenge for call centres remains the forecasting of high frequency call arrivals collected in hourly or shorter time buckets. In addition to the complex intraday, intraweek and intrayear seasonal cycles, call arrival data typically contain a large number of anomalous days, driven by the occurrence of holidays, special events, promotional activities and system failures. This study evaluates the use of a variety of univariate time series forecasting methods for forecasting intraday call arrivals in the presence of such outliers. Apart from established, statistical methods, we consider artificial neural networks (ANNs). Based on the modelling flexibility of the latter, we introduce and evaluate different methods to encode the outlying periods. Using intraday arrival series from a call centre operated by one of Europe’s leading entertainment companies, we provide new insights on the impact of outliers on the performance of established forecasting methods. Results show that ANNs forecast call centre data accurately, and are capable of modelling complex outliers using relatively simple outlier modelling approaches. We argue that the relative complexity of ANNs over standard statistical models is offset by the simplicity of coding multiple and unknown effects during outlying periods.",264,3,967,977,Statistical model; Data mining; Time series; Univariate; Call centre; Computer science; Artificial neural network,,,,,https://research.birmingham.ac.uk/en/publications/the-impact-of-special-days-in-call-arrivals-forecasting-a-neural- https://www.sciencedirect.com/science/article/pii/S0377221716305525 https://pureportal.coventry.ac.uk/en/publications/the-impact-of-special-days-in-call-arrivals-forecasting-a-neural- https://ideas.repec.org/a/eee/ejores/v264y2018i3p967-977.html https://core.ac.uk/display/76959282 https://doi.org/10.1016/j.ejor.2016.07.015 http://www.sciencedirect.com/science/article/pii/S0377221716305525 https://eprints.lancs.ac.uk/80367/ http://www.diva-portal.org/smash/record.jsf?pid=diva2:1399247 https://core.ac.uk/download/228148816.pdf,http://dx.doi.org/10.1016/j.ejor.2016.07.015,,10.1016/j.ejor.2016.07.015,2471218770,,0,000-757-521-158-853; 001-512-802-529-72X; 001-815-086-488-477; 002-956-565-949-811; 003-104-983-752-663; 004-551-055-217-79X; 005-141-513-300-940; 005-384-619-285-116; 007-355-680-108-063; 007-804-969-401-35X; 010-908-809-288-794; 011-292-919-482-022; 013-416-526-283-377; 013-499-240-657-747; 013-866-704-471-142; 016-405-416-563-496; 017-167-579-846-824; 018-802-308-141-693; 022-864-679-173-879; 023-324-080-754-49X; 024-816-377-554-920; 026-106-782-290-136; 026-955-126-335-89X; 031-151-391-858-04X; 032-495-573-477-964; 032-550-255-273-981; 036-942-855-382-370; 042-714-791-661-698; 044-134-305-557-564; 045-091-047-105-344; 047-710-262-850-024; 048-214-157-508-44X; 048-275-985-831-09X; 051-448-474-272-549; 052-901-791-302-843; 054-697-584-073-053; 058-762-564-816-466; 062-482-123-497-429; 063-193-918-647-756; 063-920-141-227-207; 076-501-270-336-528; 078-646-382-585-094; 078-860-251-929-691; 079-160-648-581-338; 079-705-684-605-920; 080-159-721-885-483; 082-519-159-770-396; 083-633-728-746-632; 086-185-267-723-931; 093-203-004-435-647; 094-087-119-791-685; 098-404-459-756-546; 098-769-711-009-30X; 099-625-532-486-454; 106-775-223-929-202; 109-084-408-493-982; 121-727-023-112-457; 122-193-813-375-019; 124-236-362-464-345; 131-272-437-601-781; 144-885-196-096-916; 147-405-178-959-232; 156-255-101-973-832,30
113-431-260-608-912,Meta-learning for time series forecasting and forecast combination,,2010,journal article,Neurocomputing,09252312,Elsevier BV,Netherlands,Christiane Lemke; Bogdan Gabrys,"In research of time series forecasting, a lot of uncertainty is still related to the task of selecting an appropriate forecasting method for a problem. It is not only the individual algorithms that are available in great quantities; combination approaches have been equally popular in the last decades. Alone the question of whether to choose the most promising individual method or a combination is not straightforward to answer.; ; Usually, expert knowledge is needed to make an informed decision, however, in many cases this is not feasible due to lack of resources like time, money and manpower. This; ; work identifies an extensive feature pool describing both the time series and the ensemble of individual forecasting methods. The applicability of different meta-learning approaches are investigated, first to gain knowledge on which model works best in which situation, later to improve forecasting performance. Results show the superiority of a ranking-based combination of methods over simple model selection approaches",73,10-12,2006,2016,,,,,,https://core.ac.uk/download/75174.pdf,http://dx.doi.org/10.1016/j.neucom.2009.09.020,,10.1016/j.neucom.2009.09.020,,,0,002-392-432-513-108; 007-716-466-199-655; 008-122-803-523-638; 013-499-240-657-747; 015-394-828-210-876; 017-375-820-627-668; 017-556-050-401-998; 018-122-162-014-114; 022-279-837-537-31X; 033-924-690-878-707; 034-377-320-403-84X; 045-748-626-849-317; 049-956-325-213-931; 051-448-474-272-549; 054-974-695-987-520; 056-374-756-135-035; 056-766-146-089-505; 058-800-847-860-39X; 062-717-687-028-533; 063-614-360-921-818; 065-149-064-921-84X; 065-175-419-745-427; 068-000-019-184-08X; 084-626-577-099-036; 091-315-325-846-395; 098-723-647-138-700; 114-085-940-328-081; 122-631-998-355-379; 125-945-998-333-795; 132-387-062-397-409; 143-532-928-397-862; 143-694-407-189-007; 153-986-609-273-116; 154-463-861-700-160; 185-517-643-196-600,99
125-415-748-084-126,Structure-oriented prediction in complex networks,,2018,journal article,Physics Reports,03701573,Elsevier BV,Netherlands,Zhuo-Ming Ren; An Zeng; Yi-Cheng Zhang,"Abstract Complex systems are extremely hard to predict due to its highly nonlinear interactions and rich emergent properties. Thanks to the rapid development of network science, our understanding of the structure of real complex systems and the dynamics on them has been remarkably deepened, which meanwhile largely stimulates the growth of effective prediction approaches on these systems. In this article, we aim to review different network-related prediction problems, summarize and classify relevant prediction methods, analyze their advantages and disadvantages, and point out the forefront as well as critical challenges of the field.",750,,1,51,Physics; Network science; Nonlinear system; Structure (mathematical logic); Data science; Extremely hard; Prediction methods; Field (computer science); Complex network; Complex system,,,,National Natural Science Foundation of China; Natural Science Foundation of Beijing,https://jglobal.jst.go.jp/detail?JGLOBAL_ID=201802250899607447 http://ui.adsabs.harvard.edu/abs/2018PhR...750....1R/abstract https://www.sciencedirect.com/science/article/abs/pii/S0370157318301339 https://core.ac.uk/download/162134221.pdf,http://dx.doi.org/10.1016/j.physrep.2018.05.002,,10.1016/j.physrep.2018.05.002,2806155120,,0,000-042-529-934-272; 000-059-077-153-627; 000-550-525-206-148; 000-651-520-419-956; 001-900-101-705-975; 002-243-207-235-253; 002-553-491-877-248; 002-680-650-206-583; 003-078-576-803-447; 003-106-377-991-903; 003-171-724-444-914; 003-321-161-043-914; 003-607-496-198-583; 003-636-962-213-510; 003-850-103-770-711; 004-459-766-345-016; 004-523-537-851-007; 005-515-909-003-84X; 005-535-108-254-698; 005-540-929-147-925; 005-951-660-009-699; 006-255-891-176-037; 006-335-929-448-983; 006-588-862-696-629; 006-947-325-345-26X; 007-069-236-099-394; 007-111-398-376-135; 007-371-716-348-094; 007-491-950-196-056; 007-819-355-183-935; 007-942-329-743-322; 008-470-736-718-072; 008-792-876-982-109; 009-247-419-107-90X; 009-301-883-567-090; 009-435-923-556-323; 009-809-668-499-985; 009-941-222-329-875; 009-946-190-370-680; 010-052-701-665-775; 010-155-727-479-892; 010-192-537-673-355; 010-296-702-290-11X; 010-368-198-316-957; 010-382-596-179-944; 010-566-039-694-931; 010-985-966-961-419; 011-609-581-698-100; 011-775-157-588-299; 012-293-088-872-900; 012-346-597-167-448; 012-367-777-689-406; 012-370-559-299-458; 012-430-538-456-292; 012-553-509-142-26X; 012-927-468-605-136; 013-508-931-825-668; 014-182-716-263-788; 014-289-946-805-378; 014-357-647-717-302; 014-425-517-528-038; 015-358-527-317-460; 015-408-226-704-89X; 015-484-860-925-950; 015-747-077-507-142; 015-852-728-615-150; 016-029-404-829-916; 016-121-412-229-066; 016-207-850-794-302; 016-263-405-833-437; 016-415-050-199-595; 016-764-573-294-191; 016-823-507-436-435; 017-265-659-574-91X; 017-298-912-928-306; 017-321-669-369-614; 018-151-277-623-684; 018-247-617-493-182; 018-768-424-842-60X; 019-089-850-263-397; 019-303-875-007-992; 019-684-018-548-024; 020-046-084-475-31X; 020-396-636-372-600; 020-548-528-984-247; 020-842-640-576-355; 020-954-690-005-08X; 020-987-925-297-779; 021-018-355-834-600; 021-045-267-081-817; 021-576-715-664-112; 022-070-053-680-743; 022-384-403-721-413; 022-699-270-800-869; 022-768-396-213-252; 023-062-004-155-746; 023-080-860-953-029; 023-094-171-190-406; 023-856-552-202-093; 023-875-485-306-995; 024-000-686-815-213; 024-070-746-473-600; 024-085-270-622-915; 024-844-955-383-624; 026-007-470-777-961; 026-557-893-724-876; 026-620-520-620-811; 028-166-222-803-551; 028-293-904-986-203; 028-369-224-810-982; 028-422-328-315-96X; 028-792-259-442-807; 028-798-742-993-286; 028-865-107-709-773; 028-911-721-920-338; 029-032-241-416-701; 029-297-208-103-002; 029-708-553-202-304; 030-380-091-797-479; 031-162-737-328-104; 031-288-369-632-367; 032-000-210-759-463; 032-049-710-842-519; 032-507-525-624-881; 032-515-895-597-016; 032-628-070-901-248; 032-940-877-744-657; 033-322-703-798-143; 033-643-753-792-847; 033-699-136-796-976; 034-220-390-464-597; 034-551-250-353-533; 034-859-202-394-980; 035-163-060-461-041; 035-308-711-421-356; 035-332-144-082-190; 035-502-718-526-125; 035-535-395-651-546; 035-695-548-781-409; 035-752-465-184-084; 036-539-183-580-744; 036-721-271-152-927; 036-834-710-209-51X; 037-552-259-324-601; 037-624-261-303-607; 037-772-356-763-328; 037-871-237-037-634; 037-891-982-682-471; 038-516-897-484-771; 038-713-267-206-382; 038-729-121-806-939; 038-941-556-493-175; 038-983-050-360-530; 039-164-827-556-936; 039-296-966-358-459; 039-687-026-353-998; 039-981-705-269-39X; 041-190-048-757-027; 041-413-153-408-692; 041-467-689-051-322; 041-766-826-242-687; 042-072-246-032-755; 042-637-175-088-326; 042-848-007-196-643; 043-168-463-523-908; 043-438-101-072-633; 044-352-663-000-42X; 045-457-485-092-188; 046-182-365-767-423; 046-611-369-959-484; 047-014-757-557-170; 047-357-303-947-240; 047-504-795-081-523; 047-699-080-792-906; 048-429-682-815-358; 048-579-249-190-944; 048-761-895-895-747; 049-323-936-681-929; 049-696-958-058-419; 049-731-126-755-984; 050-022-924-034-237; 050-252-270-491-60X; 050-741-024-051-956; 050-893-918-681-677; 051-246-405-382-722; 051-280-318-898-623; 051-547-987-806-626; 052-641-606-354-10X; 052-804-979-340-759; 052-900-533-825-735; 052-919-859-721-813; 053-342-528-188-105; 053-876-209-119-547; 053-883-152-977-799; 054-232-712-301-832; 054-565-180-451-99X; 054-883-294-325-530; 055-605-892-328-463; 056-426-226-149-95X; 056-593-281-338-022; 056-780-104-269-525; 057-040-097-643-496; 057-178-980-617-125; 057-302-302-853-327; 057-364-168-046-818; 057-586-071-243-253; 057-642-868-814-256; 058-158-165-981-009; 058-899-492-272-881; 059-044-929-071-074; 060-341-438-126-997; 060-488-253-333-195; 060-496-794-631-195; 060-631-008-959-943; 061-422-287-909-433; 063-190-811-897-241; 063-379-587-087-832; 063-959-693-635-653; 064-366-955-217-770; 064-673-949-292-184; 064-695-875-089-112; 064-815-902-134-913; 066-784-824-784-104; 067-531-561-961-754; 068-436-364-057-644; 068-758-498-953-905; 068-810-667-353-771; 069-089-145-227-191; 069-536-194-395-644; 069-546-599-988-148; 069-552-634-797-138; 069-656-309-843-491; 069-769-824-408-807; 069-889-782-207-615; 070-258-869-018-15X; 070-741-444-560-402; 071-036-232-227-897; 071-659-979-952-772; 072-668-302-270-500; 073-893-666-398-369; 074-491-356-093-847; 074-635-780-925-366; 074-922-796-447-057; 075-073-149-104-35X; 075-116-783-956-047; 075-249-515-646-64X; 076-030-062-304-566; 077-529-122-719-499; 077-535-827-350-602; 077-544-249-581-832; 078-550-013-783-179; 078-789-400-956-37X; 079-000-500-140-55X; 079-043-006-221-303; 079-289-775-066-539; 079-517-152-769-184; 079-657-744-350-955; 079-702-300-292-889; 080-840-284-069-070; 080-977-095-252-834; 081-014-542-420-794; 081-942-644-947-126; 082-488-660-215-311; 082-914-666-642-719; 083-194-074-576-926; 083-268-196-041-654; 083-510-449-816-992; 084-522-664-741-991; 084-873-199-743-856; 084-980-399-054-792; 086-016-149-489-956; 086-187-681-312-635; 086-633-455-743-952; 088-419-365-749-299; 090-033-188-521-321; 090-196-448-527-778; 090-216-147-051-628; 090-446-863-156-07X; 091-481-238-000-889; 091-994-031-512-223; 092-418-229-450-380; 094-289-805-228-820; 094-576-050-530-563; 094-978-657-638-935; 095-468-850-738-176; 096-151-865-319-995; 097-235-047-360-448; 097-334-229-346-683; 097-450-567-482-213; 098-931-831-811-869; 099-292-161-810-493; 099-472-210-869-562; 099-778-787-979-151; 100-794-456-463-04X; 100-922-297-436-901; 101-006-383-901-016; 101-067-420-103-451; 101-752-490-869-458; 102-349-729-718-739; 102-410-028-186-645; 103-473-181-874-406; 106-033-813-822-349; 107-189-074-788-315; 107-975-848-781-992; 109-084-408-493-982; 111-456-071-641-885; 112-661-814-206-235; 113-822-705-624-252; 115-096-117-994-82X; 115-187-673-289-578; 116-437-832-013-057; 118-143-881-260-475; 118-417-093-894-851; 118-642-807-049-571; 119-754-096-285-078; 120-080-084-071-010; 120-805-151-784-420; 121-345-299-356-969; 121-638-207-049-996; 122-220-933-356-104; 122-491-699-133-993; 122-603-066-795-616; 122-635-097-363-169; 123-687-398-098-005; 124-157-539-574-879; 124-994-169-976-149; 126-244-896-522-135; 128-160-918-193-980; 129-026-453-779-381; 131-394-672-743-558; 132-176-909-388-998; 134-357-031-054-003; 136-219-505-966-467; 136-424-846-368-88X; 136-449-087-572-716; 137-084-527-709-18X; 137-285-876-847-864; 137-484-710-935-647; 138-815-003-070-242; 138-993-962-036-703; 142-048-401-047-531; 142-503-517-896-051; 142-559-538-655-786; 146-106-735-166-782; 146-239-135-469-762; 146-672-152-397-841; 146-682-756-337-46X; 151-869-054-741-784; 153-030-992-195-344; 153-481-915-727-872; 153-921-564-693-231; 155-172-411-135-500; 158-018-272-766-161; 159-623-688-672-160; 160-060-712-794-766; 160-539-034-398-24X; 160-880-479-923-245; 169-022-757-145-700; 170-097-545-628-147; 170-514-193-259-177; 170-734-471-607-982; 173-012-247-306-880; 173-623-452-185-187; 173-739-209-507-152; 174-053-494-133-005; 175-517-719-060-214; 176-248-800-290-694; 177-700-429-288-630,23
125-717-877-971-69X,Prediction in Projection,,2015,journal article,"Chaos (Woodbury, N.Y.)",10897682; 10541500,American Institute of Physics,United States,Joshua Garland; Elizabeth Bradley,"Prediction models that capture and use the structure of state-space dynamics can be very effective. In practice, however, one rarely has access to full information about that structure, and accurate reconstruction of the dynamics from scalar time-series data---e.g., via delay-coordinate embedding---can be a real challenge. In this paper, we show that forecast models that employ incomplete embeddings of the dynamics can produce surprisingly accurate predictions of the state of a dynamical system. In particular, we demonstrate the effectiveness of a simple near-neighbor forecast technique that works with a two-dimensional embedding. Even though correctness of the topology is not guaranteed for incomplete reconstructions like this, the dynamical structure that they capture allows for accurate predictions---in many cases, even more accurate than predictions generated using a full embedding. This could be very useful in the context of real-time forecasting, where the human effort required to produce a correct delay-coordinate embedding is prohibitive.",25,12,123108,,Algorithm; Computer science; Embedding; Correctness; Scalar (mathematics); Algorithm; Machine learning; Artificial intelligence; Nonlinear dynamical systems; Forecasting theory; Mathematics; Embedding; Correctness; Scalar (mathematics); Dynamical systems theory,,,,National Science Foundation (NSF),https://arxiv.org/pdf/1503.01678.pdf http://export.arxiv.org/pdf/1503.01678 https://arxiv.org/abs/1503.01678 http://arxiv.org/abs/1503.01678,http://dx.doi.org/10.1063/1.4936242,26723147,10.1063/1.4936242,1496471953; 3104858817,,0,000-468-445-450-244; 002-009-622-967-704; 002-415-824-609-458; 004-592-667-891-030; 005-374-249-144-21X; 005-400-678-154-13X; 005-462-715-166-273; 009-642-542-251-683; 012-089-569-039-399; 012-279-293-439-996; 021-109-532-252-024; 025-226-069-486-352; 030-243-285-682-126; 031-413-276-396-852; 032-612-639-316-865; 036-653-008-423-88X; 039-617-728-302-008; 045-436-627-192-772; 052-070-818-650-641; 055-608-283-667-316; 055-934-504-508-081; 057-397-597-672-551; 058-179-382-750-867; 060-281-193-519-538; 080-245-103-101-902; 081-699-214-134-259; 084-175-007-224-413; 086-818-671-508-499; 094-316-520-492-08X; 098-201-091-226-650; 098-957-345-458-663; 104-298-355-270-735; 109-903-087-870-949; 111-409-116-949-25X; 111-879-878-748-055; 117-727-008-669-690; 144-406-213-872-470; 160-147-911-684-959; 174-973-179-331-433,21
147-666-295-574-345,Toward efficient energy systems based on natural gas consumption prediction with LSTM Recurrent Neural Networks,,2019,journal article,Energy,03605442; 18736785,Elsevier BV,United Kingdom,Oussama Laib; Mohamed Tarek Khadir; Lyudmila Mihaylova,"Abstract Finding suitable forecasting methods for an effective management of energy resources is of paramount importance for improving the efficiency in energy consumption and decreasing its impact on the environment. Natural gas is one of the main sources of electrical energy in Algeria and worldwide. To address this demand, this paper introduces a novel hybrid forecasting approach that resolves the two-stage method's deficiency, by designing a Multi Layered Perceptron (MLP) neural network as a nonlinear forecasting monitor. This model estimates the next day gas consumption profile and selects one of several local models to perform the forecast. The study focuses firstly on an analysis and clustering of natural gas daily consumption profiles, and secondly on building a comprehensive Long Short Term Memory (LSTM) recurrent models according to load behavior. The results are compared with four benchmark approaches: the MLP neural network approach, LSTM, seasonal time series with exogenous variables models and multiple linear regression models. Compared with these alternative approaches and their high dependence on historical loads, the proposed approach presents a new efficient functionality. It estimates the next day consumption profile, which leads to a significant improvement of the forecasting accuracy, especially for days with exceptional customers consumption behavior change.",177,,530,542,Machine learning; Consumption (economics); Benchmark (computing); Recurrent neural network; Artificial intelligence; Efficient energy use; Energy consumption; Computer science; Linear regression; Artificial neural network; Cluster analysis,,,,,https://ideas.repec.org/a/eee/energy/v177y2019icp530-542.html https://www.sciencedirect.com/science/article/pii/S0360544219307054 https://eprints.whiterose.ac.uk/145128/ https://core.ac.uk/download/199225737.pdf,http://dx.doi.org/10.1016/j.energy.2019.04.075,,10.1016/j.energy.2019.04.075,2936287033,,0,002-808-421-754-519; 004-927-618-996-102; 007-123-902-810-016; 008-492-614-666-769; 008-512-490-174-10X; 008-915-245-098-736; 010-080-293-090-834; 013-049-798-450-202; 033-693-955-078-399; 034-604-067-165-346; 035-926-002-040-970; 039-501-300-252-674; 040-356-677-919-333; 042-959-171-306-703; 049-442-188-482-677; 049-958-281-018-905; 051-626-110-525-145; 053-094-537-530-97X; 053-578-121-255-725; 055-663-420-273-148; 057-010-281-031-222; 058-895-558-985-326; 061-559-088-082-928; 067-393-443-223-600; 071-366-614-690-360; 079-107-945-964-48X; 080-741-285-802-699; 083-702-876-075-988; 084-246-495-260-442; 086-279-661-326-181; 088-248-751-762-965; 090-187-544-593-738; 093-115-104-574-265; 094-159-592-916-885; 100-306-487-414-819; 100-624-511-525-572; 107-177-640-452-894; 107-899-445-190-205; 108-041-434-918-597; 108-974-781-960-84X; 116-940-777-849-027; 122-261-576-836-37X; 122-286-027-611-240; 137-814-109-156-887; 140-498-460-964-327; 147-516-912-068-269; 147-976-651-298-724; 151-374-013-752-001; 153-310-886-764-036; 156-335-332-105-397; 161-872-772-943-751; 162-093-069-808-797; 163-061-981-314-744; 172-046-423-789-623; 176-455-704-250-336; 180-998-247-851-501; 184-278-391-149-346; 199-614-396-853-732,38
